id,first_name,last_name,email
1,May,Ronaghan,mronaghan0@people.com.cn
2,Delano,Kwiek,dkwiek1@fc2.com
3,Leeanne,Thaller,lthaller2@dedecms.com
4,Alain,Fruen,afruen3@marketwatch.com
5,Evie,Nicklen,enicklen4@prnewswire.com
6,Betty,Perillio,bperillio5@canalblog.com
7,Donnajean,Andree,dandree6@bluehost.com
8,Teddy,Kilfoyle,tkilfoyle7@mapy.cz
9,Tate,Shephard,tshephard8@tinypic.com
10,Toinette,Flowerdew,tflowerdew9@typepad.com
11,Nicola,Scholtz,nscholtza@nba.com
12,Ramsay,Corteis,rcorteisb@facebook.com
13,Orelle,Whitlock,owhitlockc@washingtonpost.com
14,Chiquita,Donaldson,cdonaldsond@aboutads.info
15,Teador,Coxhell,tcoxhelle@google.co.jp
16,Jacobo,Schowenburg,jschowenburgf@networkadvertising.org
17,Deeyn,Spiaggia,dspiaggiag@bigcartel.com
18,Shannen,Wardhaw,swardhawh@sogou.com
19,Garek,Al Hirsi,galhirsii@tmall.com
20,Jackie,Gilliver,jgilliverj@nih.gov
21,Megan,Dugan,mdugank@furl.net
22,Lissy,Maunders,lmaundersl@godaddy.com
23,Kaylyn,Camoletto,kcamolettom@360.cn
24,Ruy,Dickinson,rdickinsonn@whitehouse.gov
25,Ebonee,Halbord,ehalbordo@google.nl
26,Jami,Shirtcliffe,jshirtcliffep@usnews.com
27,Gussi,Gauchier,ggauchierq@youtu.be
28,Melissa,Pestell,mpestellr@sbwire.com
29,Ettore,Pendlington,ependlingtons@jiathis.com
30,Langston,Jamson,ljamsont@hud.gov
31,Cayla,Townsend,ctownsendu@bluehost.com
32,Laina,Maudlin,lmaudlinv@sitemeter.com
33,Clementine,Alldread,calldreadw@mail.ru
34,Niel,Mansion,nmansionx@chicagotribune.com
35,Nataniel,Deverille,ndeverilley@gmpg.org
36,Greta,Pidgeley,gpidgeleyz@phpbb.com
37,Harold,Whorall,hwhorall10@squarespace.com
38,Helenka,Euels,heuels11@tumblr.com
39,Elnore,Franzman,efranzman12@newsvine.com
40,Enoch,Glasebrook,eglasebrook13@hexun.com
41,Heddie,Allard,hallard14@blogger.com
42,Hali,Cecchetelli,hcecchetelli15@sbwire.com
43,Nelli,Bandt,nbandt16@unesco.org
44,Hilarius,Sumnall,hsumnall17@abc.net.au
45,Luis,Courtier,lcourtier18@webnode.com
46,Davida,Freathy,dfreathy19@sogou.com
47,Fitzgerald,Easseby,feasseby1a@reddit.com
48,Adlai,McNea,amcnea1b@google.nl
49,Kameko,Tatters,ktatters1c@blog.com
50,Shelby,Tyer,styer1d@tinyurl.com
51,Lurline,Draye,ldraye1e@cloudflare.com
52,Zelig,Escott,zescott1f@cornell.edu
53,Devon,Crossan,dcrossan1g@tinypic.com
54,Sarah,Lidgerton,slidgerton1h@cisco.com
55,Onfre,Bilston,obilston1i@bloomberg.com
56,Giles,Gooms,ggooms1j@sitemeter.com
57,Minetta,Gilpillan,mgilpillan1k@blogger.com
58,Lonna,Bedboro,lbedboro1l@free.fr
59,Allayne,Beining,abeining1m@technorati.com
60,Lexi,Fortoun,lfortoun1n@forbes.com
61,Davine,Sinisbury,dsinisbury1o@paypal.com
62,Easter,Abramof,eabramof1p@examiner.com
63,Ahmed,von Hagt,avonhagt1q@sourceforge.net
64,Uriah,Margarson,umargarson1r@sfgate.com
65,Tamera,Brydone,tbrydone1s@bizjournals.com
66,Libby,Coode,lcoode1t@wikia.com
67,Hurley,Baynon,hbaynon1u@chronoengine.com
68,Laureen,Rance,lrance1v@moonfruit.com
69,Rogers,Van Castele,rvancastele1w@wikimedia.org
70,Kristine,Sherwin,ksherwin1x@cpanel.net
71,Malissia,Casson,mcasson1y@spotify.com
72,Arthur,Redler,aredler1z@mit.edu
73,Brigg,Junkinson,bjunkinson20@woothemes.com
74,Dorrie,Facey,dfacey21@samsung.com
75,Gertrude,Meiner,gmeiner22@yahoo.co.jp
76,Wilone,Marsters,wmarsters23@princeton.edu
77,Karlotta,Luker,kluker24@elegantthemes.com
78,Rosalie,Cartwight,rcartwight25@imgur.com
79,Tisha,Penk,tpenk26@ft.com
80,Helsa,Esterbrook,hesterbrook27@fema.gov
81,Mill,Petty,mpetty28@boston.com
82,Odella,Reis,oreis29@i2i.jp
83,Leone,Grahamslaw,lgrahamslaw2a@livejournal.com
84,Diana,Paty,dpaty2b@reddit.com
85,Saxon,Harrowsmith,sharrowsmith2c@histats.com
86,Isabelita,Preator,ipreator2d@storify.com
87,Balduin,Giraldon,bgiraldon2e@multiply.com
88,Odie,Malkin,omalkin2f@cargocollective.com
89,Mallory,Heart,mheart2g@usa.gov
90,Karine,Dray,kdray2h@stumbleupon.com
91,Jordon,De Bernardi,jdebernardi2i@dot.gov
92,Jeth,Wynne,jwynne2j@webs.com
93,Giffard,Hamlin,ghamlin2k@plala.or.jp
94,Beatrice,Radmore,bradmore2l@bloglines.com
95,Janeczka,Smeaton,jsmeaton2m@google.de
96,Simonette,Denness,sdenness2n@apache.org
97,Aldis,Evelyn,aevelyn2o@deliciousdays.com
98,Aline,Bever,abever2p@sfgate.com
99,Orion,Ellum,oellum2q@google.co.uk
100,Henrieta,Leuchars,hleuchars2r@wisc.edu
